{"cameraMode":{"drawMode":0,"name":"Shaded","section":"Shading Mode"},"sceneLighting":true,"audioPlay":false,"sceneViewState":{"showFog":true,"showMaterialUpdate":true,"showSkybox":false,"showFlares":true,"showImageEffects":true,"showParticleSystems":true},"in2DMode":false,"pivot":{"x":14.920000076293946,"y":4.220000267028809,"z":2.430000066757202},"rotation":{"x":0.46432170271873476,"y":-0.13713045418262483,"z":0.07307004183530808,"w":0.8719750046730042},"size":4.849742412567139,"orthographic":false}