{"cameraMode":{"drawMode":0,"name":"Shaded","section":"Shading Mode"},"sceneLighting":false,"audioPlay":false,"sceneViewState":{"showFog":true,"showMaterialUpdate":true,"showSkybox":false,"showFlares":true,"showImageEffects":true,"showParticleSystems":true},"in2DMode":false,"pivot":{"x":-1.5110838413238526,"y":1.0605956315994263,"z":-0.008566617965698243},"rotation":{"x":0.03620017692446709,"y":-0.0748857706785202,"z":0.0027225941885262729,"w":0.996537983417511},"size":1.8633251190185547,"orthographic":false}