{"cameraMode":{"drawMode":0,"name":"Shaded","section":"Shading Mode"},"sceneLighting":true,"audioPlay":false,"sceneViewState":{"showFog":true,"showMaterialUpdate":true,"showSkybox":false,"showFlares":true,"showImageEffects":true,"showParticleSystems":true},"in2DMode":false,"pivot":{"x":-8.313400268554688,"y":-0.819608211517334,"z":0.8209258317947388},"rotation":{"x":-0.089087575674057,"y":0.665100634098053,"z":-0.08043305575847626,"w":-0.737095057964325},"size":5.7497429847717289,"orthographic":false}