{"cameraMode":{"drawMode":0,"name":"Shaded","section":"Shading Mode"},"sceneLighting":false,"audioPlay":false,"sceneViewState":{"showFog":true,"showMaterialUpdate":false,"showSkybox":false,"showFlares":true,"showImageEffects":true,"showParticleSystems":true},"in2DMode":false,"pivot":{"x":0.0337299108505249,"y":2.0011987686157228,"z":0.15455973148345948},"rotation":{"x":0.31084299087524416,"y":0.21558967232704163,"z":-0.07261797040700913,"w":0.9228362441062927},"size":2.2748818397521974,"orthographic":false}