{"cameraMode":{"drawMode":0,"name":"Shaded","section":"Shading Mode"},"sceneLighting":false,"audioPlay":false,"sceneViewState":{"showFog":true,"showMaterialUpdate":false,"showSkybox":false,"showFlares":true,"showImageEffects":true,"showParticleSystems":true},"in2DMode":false,"pivot":{"x":-2.1298446655273439,"y":0.7331671714782715,"z":-79.0966796875},"rotation":{"x":0.2226582020521164,"y":0.29070761799812319,"z":-0.0697559341788292,"w":0.927926778793335},"size":72.23442077636719,"orthographic":false}