{"cameraMode":{"drawMode":0,"name":"Shaded","section":"Shading Mode"},"sceneLighting":true,"audioPlay":false,"sceneViewState":{"showFog":true,"showMaterialUpdate":false,"showSkybox":false,"showFlares":true,"showImageEffects":true,"showParticleSystems":true},"in2DMode":false,"pivot":{"x":-12.069999694824219,"y":3.479999542236328,"z":10.970001220703125},"rotation":{"x":0.10177520662546158,"y":0.38063132762908938,"z":-0.042192332446575168,"w":0.9181422591209412},"size":4.413566589355469,"orthographic":false}