{"cameraMode":{"drawMode":0,"name":"Shaded","section":"Shading Mode"},"sceneLighting":false,"audioPlay":false,"sceneViewState":{"showFog":true,"showMaterialUpdate":false,"showSkybox":false,"showFlares":true,"showImageEffects":true,"showParticleSystems":true},"in2DMode":false,"pivot":{"x":-0.6133049726486206,"y":2.425949811935425,"z":-0.06851911544799805},"rotation":{"x":0.2226582020521164,"y":0.29070761799812319,"z":-0.0697559341788292,"w":0.927926778793335},"size":3.614089012145996,"orthographic":false}