{"cameraMode":{"drawMode":0,"name":"Shaded","section":"Shading Mode"},"sceneLighting":false,"audioPlay":false,"sceneViewState":{"showFog":true,"showMaterialUpdate":false,"showSkybox":false,"showFlares":true,"showImageEffects":true,"showParticleSystems":true},"in2DMode":false,"pivot":{"x":0.09369325637817383,"y":4.6570892333984379,"z":-0.28414303064346316},"rotation":{"x":0.2226582020521164,"y":0.29070761799812319,"z":-0.0697559341788292,"w":0.927926778793335},"size":5.921208381652832,"orthographic":false}