{"cameraMode":{"drawMode":0,"name":"Shaded","section":"Shading Mode"},"sceneLighting":false,"audioPlay":false,"sceneViewState":{"showFog":true,"showMaterialUpdate":false,"showSkybox":false,"showFlares":true,"showImageEffects":true,"showParticleSystems":true},"in2DMode":false,"pivot":{"x":0.028080344200134279,"y":1.0924620628356934,"z":-0.1251608282327652},"rotation":{"x":0.31084299087524416,"y":0.21558967232704163,"z":-0.07261797040700913,"w":0.9228362441062927},"size":1.4441636800765992,"orthographic":false}