{"cameraMode":{"drawMode":0,"name":"Shaded","section":"Shading Mode"},"sceneLighting":false,"audioPlay":false,"sceneViewState":{"showFog":true,"showMaterialUpdate":false,"showSkybox":false,"showFlares":true,"showImageEffects":true,"showParticleSystems":true},"in2DMode":false,"pivot":{"x":-0.06085759401321411,"y":0.438561350107193,"z":0.08276417851448059},"rotation":{"x":0.31084299087524416,"y":0.21558967232704163,"z":-0.07261797040700913,"w":0.9228362441062927},"size":1.434489130973816,"orthographic":false}