{"cameraMode":{"drawMode":0,"name":"Shaded","section":"Shading Mode"},"sceneLighting":false,"audioPlay":false,"sceneViewState":{"showFog":true,"showMaterialUpdate":false,"showSkybox":false,"showFlares":true,"showImageEffects":true,"showParticleSystems":true},"in2DMode":false,"pivot":{"x":-0.04192495346069336,"y":3.1905927658081056,"z":-0.018971681594848634},"rotation":{"x":0.2226582020521164,"y":0.29070761799812319,"z":-0.0697559341788292,"w":0.927926778793335},"size":5.0097975730896,"orthographic":false}