{"cameraMode":{"drawMode":0,"name":"Shaded","section":"Shading Mode"},"sceneLighting":false,"audioPlay":false,"sceneViewState":{"showFog":true,"showMaterialUpdate":false,"showSkybox":false,"showFlares":true,"showImageEffects":true,"showParticleSystems":true},"in2DMode":false,"pivot":{"x":60.5,"y":1.2169743776321412,"z":36.27456283569336},"rotation":{"x":-0.005101396702229977,"y":0.005998766981065273,"z":0.00003866804399876855,"w":0.9999881386756897},"size":3.1106746196746828,"orthographic":false}