{"cameraMode":{"drawMode":0,"name":"Shaded","section":"Shading Mode"},"sceneLighting":false,"audioPlay":false,"sceneViewState":{"showFog":true,"showMaterialUpdate":false,"showSkybox":false,"showFlares":true,"showImageEffects":true,"showParticleSystems":true},"in2DMode":false,"pivot":{"x":-1.7881393432617188e-7,"y":4.76837158203125e-7,"z":1.7499998807907105},"rotation":{"x":0.1139124259352684,"y":0.7532278895378113,"z":-0.13542577624320985,"w":0.6335289478302002},"size":2.567394733428955,"orthographic":false}