{"cameraMode":{"drawMode":0,"name":"Shaded","section":"Shading Mode"},"sceneLighting":false,"audioPlay":false,"sceneViewState":{"showFog":true,"showMaterialUpdate":false,"showSkybox":false,"showFlares":true,"showImageEffects":true,"showParticleSystems":true},"in2DMode":false,"pivot":{"x":-0.11726641654968262,"y":2.107501268386841,"z":-0.4652369022369385},"rotation":{"x":0.2226582020521164,"y":0.29070761799812319,"z":-0.0697559341788292,"w":0.927926778793335},"size":3.6799263954162599,"orthographic":false}