{"cameraMode":{"drawMode":0,"name":"Shaded","section":"Shading Mode"},"sceneLighting":false,"audioPlay":false,"sceneViewState":{"showFog":true,"showMaterialUpdate":false,"showSkybox":false,"showFlares":true,"showImageEffects":true,"showParticleSystems":true},"in2DMode":false,"pivot":{"x":-1.5959935188293458,"y":0.5948413014411926,"z":0.05316055193543434},"rotation":{"x":-0.0016955380560830236,"y":-0.9981287717819214,"z":0.05184794217348099,"w":-0.03265472128987312},"size":2.255843162536621,"orthographic":true}