{"cameraMode":{"drawMode":0,"name":"Shaded","section":"Shading Mode"},"sceneLighting":true,"audioPlay":false,"sceneViewState":{"showFog":true,"showMaterialUpdate":true,"showSkybox":true,"showFlares":true,"showImageEffects":true,"showParticleSystems":true},"in2DMode":false,"pivot":{"x":14.154922485351563,"y":-1.0460577011108399,"z":3.772014617919922},"rotation":{"x":0.17762544751167298,"y":0.05164385214447975,"z":-0.009277187287807465,"w":0.9827437400817871},"size":14.793158531188965,"orthographic":false}